Object,Neighbor,Distance
1,2,1.0
1,3,1.0
1,4,1.0
1,7,1.4142135
2,1,1.0
2,4,1.0
2,5,1.0
3,1,1.0
3,4,1.4142135
3,6,1.0
3,7,1.0
4,1,1.0
4,2,1.0
4,3,1.4142135
4,5,1.0
4,7,1.0
5,2,1.0
5,4,1.0
5,7,1.0
5,9,1.0
6,3,1.0
6,7,1.0
6,8,1.0
7,1,1.4142135
7,3,1.0
7,4,1.0
7,5,1.0
7,6,1.0
7,8,1.0
7,9,1.0
8,6,1.0
8,7,1.0
8,9,1.0
9,5,1.0
9,7,1.0
9,8,1.0
