Object,Ag107,Cytokeratin 5,Laminin,YBX1,H3K27Ac
1,0.324168173308225,0.08703878736987557,51.78699319018531,6.2105813591750625,14.52503866510293
2,0.4762785588343119,0.06705316040933747,19.35416312807614,6.239178642784197,15.157798114511156
3,0.38173778243918915,0.05203675867906257,27.004300235812345,7.185745454546231,16.190612704006593
4,0.21119184275062716,0.04922582178699727,3.3476972008238035,5.898581933002083,19.85904461023759
5,0.4528972019369786,0.028846153846153848,17.16980805305334,6.716330448022256,9.71106395813135
6,0.37424772050645616,0.08961129718356663,10.504315639866723,8.34866976208157,11.838009875350528
7,0.16197513095263777,0.10843581166760675,9.004961274821182,6.172739886004349,18.511881766648127
8,0.2973794465841249,0.17328082406243614,12.952505211497462,10.826730412106182,2.3629839004472246
9,0.38482457186494556,0.0,15.88717811873981,7.453399790184839,3.893528653042657
