Object,area,centroid-0,centroid-1,major_axis_length,minor_axis_length,eccentricity
1,97,3.7216494845360826,19.536082474226806,13.941688178151372,9.723908806802843,0.7166140131241879
2,97,6.020618556701031,8.051546391752577,14.07179096901138,9.047259817840725,0.7659199747934413
3,67,8.880597014925373,25.35820895522388,13.1731244921146,7.723363647223765,0.8100961690723032
4,49,10.816326530612244,13.714285714285714,9.536241911095933,6.877196036425606,0.6927641963811514
5,104,16.98076923076923,7.528846153846154,13.688820402005796,9.937344282364645,0.6877517133462177
6,90,15.777777777777779,27.266666666666666,11.148806280855561,10.716477217073452,0.27577595881069344
7,58,16.137931034482758,17.551724137931036,9.798986440324036,7.8813334947548235,0.5942222493957589
8,43,21.697674418604652,22.697674418604652,8.736360495355202,6.710458317680374,0.6403216933735788
9,56,23.732142857142858,14.5,9.790886596909493,7.4731334338366695,0.6460744052506517
